[{"model": "contenttypes.contenttype", "pk": 1, "fields": {"app_label": "admin", "model": "logentry"}}, {"model": "contenttypes.contenttype", "pk": 2, "fields": {"app_label": "auth", "model": "permission"}}, {"model": "contenttypes.contenttype", "pk": 3, "fields": {"app_label": "auth", "model": "group"}}, {"model": "contenttypes.contenttype", "pk": 4, "fields": {"app_label": "auth", "model": "user"}}, {"model": "contenttypes.contenttype", "pk": 5, "fields": {"app_label": "contenttypes", "model": "contenttype"}}, {"model": "contenttypes.contenttype", "pk": 6, "fields": {"app_label": "sessions", "model": "session"}}, {"model": "contenttypes.contenttype", "pk": 7, "fields": {"app_label": "users", "model": "profile"}}, {"model": "contenttypes.contenttype", "pk": 8, "fields": {"app_label": "book", "model": "copy"}}, {"model": "contenttypes.contenttype", "pk": 9, "fields": {"app_label": "book", "model": "author"}}, {"model": "contenttypes.contenttype", "pk": 10, "fields": {"app_label": "book", "model": "loan"}}, {"model": "contenttypes.contenttype", "pk": 11, "fields": {"app_label": "book", "model": "translator"}}, {"model": "contenttypes.contenttype", "pk": 12, "fields": {"app_label": "book", "model": "reservation"}}, {"model": "contenttypes.contenttype", "pk": 13, "fields": {"app_label": "book", "model": "book"}}, {"model": "contenttypes.contenttype", "pk": 14, "fields": {"app_label": "book", "model": "publisher"}}, {"model": "sessions.session", "pk": "axhxtt5kcpi0k1c088zuj1yos1xc3vf3", "fields": {"session_data": "ZjVmZTMwMWZhZWY4MWU3N2NmOGRjMmZmMzU0YmFmZTlhNDYwZGYwNjp7Il9hdXRoX3VzZXJfYmFja2VuZCI6ImRqYW5nby5jb250cmliLmF1dGguYmFja2VuZHMuTW9kZWxCYWNrZW5kIiwiX2F1dGhfdXNlcl9pZCI6IjEiLCJfYXV0aF91c2VyX2hhc2giOiJmNTg4MDdhZTU4OWIwNzE1Y2ZjNGNkNThiZTQyOWZjNTk3NmI0ODQ0In0=", "expire_date": "2018-07-31T06:59:46.408Z"}}, {"model": "sessions.session", "pk": "ba0rlr6oq0qh4bn6n971n5b2f0axwh8n", "fields": {"session_data": "MmQyOTQ3NWNiMzVlYTlmNjg4MTQ5OTFhOGJhZDFiNjE3NDgwMjdiMDp7Il9hdXRoX3VzZXJfaWQiOiIyIiwiX2F1dGhfdXNlcl9iYWNrZW5kIjoiZGphbmdvLmNvbnRyaWIuYXV0aC5iYWNrZW5kcy5Nb2RlbEJhY2tlbmQiLCJfYXV0aF91c2VyX2hhc2giOiI2YzFjYmZiMjJjZjIwMWQ2MzE1MWM0ZTlmYjdlM2YwNjYzNjg1MTA3In0=", "expire_date": "2018-07-30T19:04:36.709Z"}}, {"model": "sessions.session", "pk": "ke1b1qn85rdsjsdewrt52lei7kf3yjv0", "fields": {"session_data": "YWFmNDQ5Y2JkZDY0OWJkOGQwOTNiMmEyMTk1MmViM2E0ZTM3NDM0ZDp7Il9hdXRoX3VzZXJfaWQiOiIxIiwiX2F1dGhfdXNlcl9iYWNrZW5kIjoiZGphbmdvLmNvbnRyaWIuYXV0aC5iYWNrZW5kcy5Nb2RlbEJhY2tlbmQiLCJfYXV0aF91c2VyX2hhc2giOiJmNTg4MDdhZTU4OWIwNzE1Y2ZjNGNkNThiZTQyOWZjNTk3NmI0ODQ0In0=", "expire_date": "2018-08-19T19:13:41.932Z"}}, {"model": "sessions.session", "pk": "klhm28jsqe4f5h6wmflqhxrvkquikr2f", "fields": {"session_data": "MDI5MWJhYmRlNTQ5NWUxZWY2ZmUyNzEzM2VjNGVmNzVhYzQ5NmJmYzp7Il9hdXRoX3VzZXJfaGFzaCI6ImY1ODgwN2FlNTg5YjA3MTVjZmM0Y2Q1OGJlNDI5ZmM1OTc2YjQ4NDQiLCJfYXV0aF91c2VyX2JhY2tlbmQiOiJkamFuZ28uY29udHJpYi5hdXRoLmJhY2tlbmRzLk1vZGVsQmFja2VuZCIsIl9sYW5ndWFnZSI6ImZhIiwiX2F1dGhfdXNlcl9pZCI6IjEifQ==", "expire_date": "2018-08-15T14:51:20.055Z"}}, {"model": "sessions.session", "pk": "ko6xy2cdshy255sojx5k1qvgikasdreb", "fields": {"session_data": "YWFmNDQ5Y2JkZDY0OWJkOGQwOTNiMmEyMTk1MmViM2E0ZTM3NDM0ZDp7Il9hdXRoX3VzZXJfaWQiOiIxIiwiX2F1dGhfdXNlcl9iYWNrZW5kIjoiZGphbmdvLmNvbnRyaWIuYXV0aC5iYWNrZW5kcy5Nb2RlbEJhY2tlbmQiLCJfYXV0aF91c2VyX2hhc2giOiJmNTg4MDdhZTU4OWIwNzE1Y2ZjNGNkNThiZTQyOWZjNTk3NmI0ODQ0In0=", "expire_date": "2018-08-01T16:26:42.109Z"}}, {"model": "sessions.session", "pk": "tvkz4ml8o9w6l1q22lutcyfah3w6ctl5", "fields": {"session_data": "OTkwMTRiZmYyZWU1M2E3MmE0MWM0MTFhODExODRjODg4OTk2OGU0MTp7Il9hdXRoX3VzZXJfaWQiOiIxIiwiX2F1dGhfdXNlcl9oYXNoIjoiZjU4ODA3YWU1ODliMDcxNWNmYzRjZDU4YmU0MjlmYzU5NzZiNDg0NCIsIl9hdXRoX3VzZXJfYmFja2VuZCI6ImRqYW5nby5jb250cmliLmF1dGguYmFja2VuZHMuTW9kZWxCYWNrZW5kIn0=", "expire_date": "2018-08-01T08:43:50.222Z"}}, {"model": "sessions.session", "pk": "wyer9d39kslvab0on28kxg3qw59kf59i", "fields": {"session_data": "OTQ0MWVkZjRjYTFjYWE1ZmFlMWVjMzJiNTZjNDU0NDNkNjcwMWRmMzp7Il9hdXRoX3VzZXJfaGFzaCI6IjNkNGY0YmI2OGU5ZjJhNGEyYTRiMzgyMzlmNjhiY2RjOTc5ODZjZmIiLCJfYXV0aF91c2VyX2lkIjoiMSIsIl9hdXRoX3VzZXJfYmFja2VuZCI6ImRqYW5nby5jb250cmliLmF1dGguYmFja2VuZHMuTW9kZWxCYWNrZW5kIn0=", "expire_date": "2018-10-16T14:47:46.761Z"}}, {"model": "sessions.session", "pk": "xws6iq4dlf5hsncfdt0dtn9tw4zrewka", "fields": {"session_data": "YWFmNDQ5Y2JkZDY0OWJkOGQwOTNiMmEyMTk1MmViM2E0ZTM3NDM0ZDp7Il9hdXRoX3VzZXJfaWQiOiIxIiwiX2F1dGhfdXNlcl9iYWNrZW5kIjoiZGphbmdvLmNvbnRyaWIuYXV0aC5iYWNrZW5kcy5Nb2RlbEJhY2tlbmQiLCJfYXV0aF91c2VyX2hhc2giOiJmNTg4MDdhZTU4OWIwNzE1Y2ZjNGNkNThiZTQyOWZjNTk3NmI0ODQ0In0=", "expire_date": "2018-07-14T08:39:40.957Z"}}, {"model": "sessions.session", "pk": "zqne1mc75hsxpyjcibs83hqsl2jpkdx2", "fields": {"session_data": "YTNlZjkyOTcwYjA2MmI4ZTgyM2FiZWQ1YzZhMWIyNTA1MTc2YzEyYTp7fQ==", "expire_date": "2018-07-16T07:07:11.740Z"}}, {"model": "book.publisher", "pk": 1, "fields": {"name": "publisher_a"}}, {"model": "book.publisher", "pk": 2, "fields": {"name": "publisher_b"}}, {"model": "book.publisher", "pk": 3, "fields": {"name": "Harper & Row"}}, {"model": "book.author", "pk": 1, "fields": {"name": "author_a"}}, {"model": "book.author", "pk": 2, "fields": {"name": "author_b"}}, {"model": "book.author", "pk": 3, "fields": {"name": "Jane Austen"}}, {"model": "book.author", "pk": 4, "fields": {"name": "Harper Lee"}}, {"model": "book.author", "pk": 5, "fields": {"name": "F. Scott Fitzgerald"}}, {"model": "book.author", "pk": 6, "fields": {"name": "Gabriel Garc\u00eda M\u00e1rquez"}}, {"model": "book.translator", "pk": 1, "fields": {"name": "translator_a"}}, {"model": "book.translator", "pk": 2, "fields": {"name": "translator_b"}}, {"model": "book.book", "pk": 1, "fields": {"name": "a", "publish_year": "1990-03-02", "ISBN": 2, "subject": "P", "publishers": 2, "translators": [1], "authors": [1]}}, {"model": "book.book", "pk": 3, "fields": {"name": "b", "publish_year": "1990-03-09", "ISBN": 6, "subject": "M", "publishers": 1, "translators": [2], "authors": [2]}}, {"model": "book.book", "pk": 5, "fields": {"name": "me before you", "publish_year": "1990-03-09", "ISBN": 23, "subject": "S", "publishers": 2, "translators": [2], "authors": [2]}}, {"model": "book.book", "pk": 7, "fields": {"name": "1984", "publish_year": "1981-01-01", "ISBN": 1113, "subject": "H", "publishers": 2, "translators": [2], "authors": [2]}}, {"model": "book.book", "pk": 8, "fields": {"name": "Pride and Prejudice", "publish_year": "1813-03-09", "ISBN": 111, "subject": "S", "publishers": 1, "translators": [], "authors": [3]}}, {"model": "book.book", "pk": 11, "fields": {"name": "To Kill a Mockingbird", "publish_year": "1960-02-03", "ISBN": 115, "subject": "B", "publishers": 1, "translators": [2], "authors": [4]}}, {"model": "book.book", "pk": 12, "fields": {"name": "The Great Gatsby", "publish_year": "1925-01-01", "ISBN": 116, "subject": "S", "publishers": 2, "translators": [1], "authors": [5]}}, {"model": "book.book", "pk": 13, "fields": {"name": "One Hundred Years of Solitude", "publish_year": "1967-01-01", "ISBN": 117, "subject": "S", "publishers": 3, "translators": [2], "authors": [6]}}, {"model": "book.copy", "pk": 1, "fields": {"book": 1, "status": "m"}}, {"model": "book.copy", "pk": 2, "fields": {"book": 1, "status": "m"}}, {"model": "book.copy", "pk": 3, "fields": {"book": 3, "status": "m"}}, {"model": "book.copy", "pk": 4, "fields": {"book": 5, "status": "m"}}, {"model": "book.copy", "pk": 6, "fields": {"book": 12, "status": "m"}}, {"model": "book.copy", "pk": 7, "fields": {"book": 8, "status": "o"}}, {"model": "book.copy", "pk": 8, "fields": {"book": 7, "status": "m"}}, {"model": "auth.permission", "pk": 1, "fields": {"name": "Can add log entry", "content_type": 1, "codename": "add_logentry"}}, {"model": "auth.permission", "pk": 2, "fields": {"name": "Can change log entry", "content_type": 1, "codename": "change_logentry"}}, {"model": "auth.permission", "pk": 3, "fields": {"name": "Can delete log entry", "content_type": 1, "codename": "delete_logentry"}}, {"model": "auth.permission", "pk": 4, "fields": {"name": "Can add permission", "content_type": 2, "codename": "add_permission"}}, {"model": "auth.permission", "pk": 5, "fields": {"name": "Can change permission", "content_type": 2, "codename": "change_permission"}}, {"model": "auth.permission", "pk": 6, "fields": {"name": "Can delete permission", "content_type": 2, "codename": "delete_permission"}}, {"model": "auth.permission", "pk": 7, "fields": {"name": "Can add group", "content_type": 3, "codename": "add_group"}}, {"model": "auth.permission", "pk": 8, "fields": {"name": "Can change group", "content_type": 3, "codename": "change_group"}}, {"model": "auth.permission", "pk": 9, "fields": {"name": "Can delete group", "content_type": 3, "codename": "delete_group"}}, {"model": "auth.permission", "pk": 10, "fields": {"name": "Can add user", "content_type": 4, "codename": "add_user"}}, {"model": "auth.permission", "pk": 11, "fields": {"name": "Can change user", "content_type": 4, "codename": "change_user"}}, {"model": "auth.permission", "pk": 12, "fields": {"name": "Can delete user", "content_type": 4, "codename": "delete_user"}}, {"model": "auth.permission", "pk": 13, "fields": {"name": "Can add content type", "content_type": 5, "codename": "add_contenttype"}}, {"model": "auth.permission", "pk": 14, "fields": {"name": "Can change content type", "content_type": 5, "codename": "change_contenttype"}}, {"model": "auth.permission", "pk": 15, "fields": {"name": "Can delete content type", "content_type": 5, "codename": "delete_contenttype"}}, {"model": "auth.permission", "pk": 16, "fields": {"name": "Can add session", "content_type": 6, "codename": "add_session"}}, {"model": "auth.permission", "pk": 17, "fields": {"name": "Can change session", "content_type": 6, "codename": "change_session"}}, {"model": "auth.permission", "pk": 18, "fields": {"name": "Can delete session", "content_type": 6, "codename": "delete_session"}}, {"model": "auth.permission", "pk": 19, "fields": {"name": "Can add profile", "content_type": 7, "codename": "add_profile"}}, {"model": "auth.permission", "pk": 20, "fields": {"name": "Can change profile", "content_type": 7, "codename": "change_profile"}}, {"model": "auth.permission", "pk": 21, "fields": {"name": "Can delete profile", "content_type": 7, "codename": "delete_profile"}}, {"model": "auth.permission", "pk": 22, "fields": {"name": "Can add copy", "content_type": 8, "codename": "add_copy"}}, {"model": "auth.permission", "pk": 23, "fields": {"name": "Can change copy", "content_type": 8, "codename": "change_copy"}}, {"model": "auth.permission", "pk": 24, "fields": {"name": "Can delete copy", "content_type": 8, "codename": "delete_copy"}}, {"model": "auth.permission", "pk": 25, "fields": {"name": "Can add author", "content_type": 9, "codename": "add_author"}}, {"model": "auth.permission", "pk": 26, "fields": {"name": "Can change author", "content_type": 9, "codename": "change_author"}}, {"model": "auth.permission", "pk": 27, "fields": {"name": "Can delete author", "content_type": 9, "codename": "delete_author"}}, {"model": "auth.permission", "pk": 28, "fields": {"name": "Can add loan", "content_type": 10, "codename": "add_loan"}}, {"model": "auth.permission", "pk": 29, "fields": {"name": "Can change loan", "content_type": 10, "codename": "change_loan"}}, {"model": "auth.permission", "pk": 30, "fields": {"name": "Can delete loan", "content_type": 10, "codename": "delete_loan"}}, {"model": "auth.permission", "pk": 31, "fields": {"name": "Can add translator", "content_type": 11, "codename": "add_translator"}}, {"model": "auth.permission", "pk": 32, "fields": {"name": "Can change translator", "content_type": 11, "codename": "change_translator"}}, {"model": "auth.permission", "pk": 33, "fields": {"name": "Can delete translator", "content_type": 11, "codename": "delete_translator"}}, {"model": "auth.permission", "pk": 34, "fields": {"name": "Can add reservation", "content_type": 12, "codename": "add_reservation"}}, {"model": "auth.permission", "pk": 35, "fields": {"name": "Can change reservation", "content_type": 12, "codename": "change_reservation"}}, {"model": "auth.permission", "pk": 36, "fields": {"name": "Can delete reservation", "content_type": 12, "codename": "delete_reservation"}}, {"model": "auth.permission", "pk": 37, "fields": {"name": "Can add book", "content_type": 13, "codename": "add_book"}}, {"model": "auth.permission", "pk": 38, "fields": {"name": "Can change book", "content_type": 13, "codename": "change_book"}}, {"model": "auth.permission", "pk": 39, "fields": {"name": "Can delete book", "content_type": 13, "codename": "delete_book"}}, {"model": "auth.permission", "pk": 40, "fields": {"name": "Can add publisher", "content_type": 14, "codename": "add_publisher"}}, {"model": "auth.permission", "pk": 41, "fields": {"name": "Can change publisher", "content_type": 14, "codename": "change_publisher"}}, {"model": "auth.permission", "pk": 42, "fields": {"name": "Can delete publisher", "content_type": 14, "codename": "delete_publisher"}}, {"model": "auth.user", "pk": 1, "fields": {"password": "pbkdf2_sha256$100000$6OWaUb5cJhCj$H8YHTczKxIm+Ud4m/x+pdFP2/FSI9LG93uft6vYWxEY=", "last_login": "2018-10-02T14:47:46.749Z", "is_superuser": true, "username": "amir", "first_name": "AmirHossein", "last_name": "Asaadi", "email": "a.asadi94@gmail.com", "is_staff": true, "is_active": true, "date_joined": "2018-06-28T04:31:34Z", "groups": [], "user_permissions": []}}, {"model": "auth.user", "pk": 2, "fields": {"password": "pbkdf2_sha256$100000$bxALIHsrjqfZ$XmK8U1d2J/qQzU8b4In0yWrbv7VJo+OlvW/y6UbU6ik=", "last_login": "2018-07-16T19:21:27.982Z", "is_superuser": false, "username": "javad", "first_name": "Javad", "last_name": "Eydiyan", "email": "javad@gmail.com", "is_staff": false, "is_active": true, "date_joined": "2018-06-28T04:32:20Z", "groups": [], "user_permissions": []}}, {"model": "auth.user", "pk": 3, "fields": {"password": "pbkdf2_sha256$100000$ohDPy4xqdAnQ$eXt9oAmf2uuygCaXYZlUxZInRkUO1xVvGO4mcBtyotU=", "last_login": "2018-07-18T16:26:03.203Z", "is_superuser": false, "username": "ali", "first_name": "", "last_name": "", "email": "ali@gmail.com", "is_staff": false, "is_active": true, "date_joined": "2018-06-28T04:33:37Z", "groups": [], "user_permissions": []}}, {"model": "auth.user", "pk": 4, "fields": {"password": "pbkdf2_sha256$100000$dtmLy0UaaFkK$BY7gRRjHmLjzPOituXsUHWx77V3VXCRyUbjzgAEmMXk=", "last_login": "2018-07-18T16:20:24.739Z", "is_superuser": false, "username": "bagher", "first_name": "", "last_name": "", "email": "bagher@gmail.com", "is_staff": false, "is_active": true, "date_joined": "2018-06-28T04:35:28Z", "groups": [], "user_permissions": []}}, {"model": "auth.user", "pk": 5, "fields": {"password": "pbkdf2_sha256$100000$9jmePBc2l2vK$mk52br4fOnd54v1KVV9jJQbrrrnWgoJWcRpwvFiYDsA=", "last_login": "2018-07-26T05:12:51.201Z", "is_superuser": false, "username": "sadaf08", "first_name": "Sadaf", "last_name": "Aminolraya", "email": "sadaf@gmail.com", "is_staff": false, "is_active": true, "date_joined": "2018-07-04T19:16:45Z", "groups": [], "user_permissions": []}}, {"model": "auth.user", "pk": 6, "fields": {"password": "pbkdf2_sha256$100000$FTpDkGVWlzSq$ZJJzxhDyMAH1250wtIm1R2DWH6OgvXbnnbSfyQOjUII=", "last_login": "2018-07-18T16:24:19.510Z", "is_superuser": false, "username": "mamadreza", "first_name": "mohammadreza", "last_name": "dehnavi", "email": "", "is_staff": false, "is_active": true, "date_joined": "2018-07-16T20:06:02Z", "groups": [], "user_permissions": []}}, {"model": "users.profile", "pk": 1, "fields": {"user": 1, "student_id": "9123043", "number_of_donated_books": 2, "penalty": 2, "score": 2, "image": "profile_image/images.duckduckgo.com.jpeg"}}, {"model": "users.profile", "pk": 2, "fields": {"user": 4, "student_id": null, "number_of_donated_books": 0, "penalty": 0, "score": 0, "image": ""}}, {"model": "users.profile", "pk": 3, "fields": {"user": 2, "student_id": "9023043", "number_of_donated_books": 0, "penalty": 0, "score": 0, "image": "profile_image/photo_2016-02-18_09-36-28.jpg"}}, {"model": "users.profile", "pk": 4, "fields": {"user": 3, "student_id": "9123044", "number_of_donated_books": 0, "penalty": 0, "score": 0, "image": ""}}, {"model": "users.profile", "pk": 5, "fields": {"user": 5, "student_id": null, "number_of_donated_books": 0, "penalty": 0, "score": 4, "image": ""}}, {"model": "users.profile", "pk": 6, "fields": {"user": 6, "student_id": null, "number_of_donated_books": 0, "penalty": 0, "score": 0, "image": "profile_image/photo_2018-07-15_22-37-06.jpg"}}, {"model": "book.loan", "pk": 6, "fields": {"person": 1, "book": 4, "date_due": "2018-07-06", "due_back": "2018-07-26"}}, {"model": "book.loan", "pk": 7, "fields": {"person": 5, "book": 7, "date_due": "2018-07-06", "due_back": null}}, {"model": "book.loan", "pk": 9, "fields": {"person": 5, "book": 6, "date_due": "2018-07-24", "due_back": null}}, {"model": "book.loan", "pk": 10, "fields": {"person": 1, "book": 7, "date_due": "2018-07-29", "due_back": null}}, {"model": "book.reservation", "pk": 6, "fields": {"person": 5, "book": 1, "date_reserved": "2018-07-18T16:19:19.340Z"}}, {"model": "book.reservation", "pk": 7, "fields": {"person": 5, "book": 2, "date_reserved": "2018-07-18T16:19:27.807Z"}}, {"model": "book.reservation", "pk": 8, "fields": {"person": 5, "book": 4, "date_reserved": "2018-07-18T16:19:37.387Z"}}, {"model": "book.reservation", "pk": 9, "fields": {"person": 4, "book": 4, "date_reserved": "2018-07-18T16:21:09.166Z"}}, {"model": "book.reservation", "pk": 10, "fields": {"person": 4, "book": 1, "date_reserved": "2018-07-18T16:21:22.269Z"}}, {"model": "book.reservation", "pk": 11, "fields": {"person": 6, "book": 1, "date_reserved": "2018-07-18T16:25:03.169Z"}}, {"model": "book.reservation", "pk": 12, "fields": {"person": 6, "book": 7, "date_reserved": "2018-07-18T16:25:24.402Z"}}, {"model": "book.reservation", "pk": 13, "fields": {"person": 6, "book": 3, "date_reserved": "2018-07-18T16:25:38.713Z"}}, {"model": "book.reservation", "pk": 14, "fields": {"person": 3, "book": 1, "date_reserved": "2018-07-18T16:26:13.385Z"}}, {"model": "book.reservation", "pk": 15, "fields": {"person": 3, "book": 2, "date_reserved": "2018-07-18T16:26:21.748Z"}}, {"model": "book.reservation", "pk": 19, "fields": {"person": 1, "book": 7, "date_reserved": "2018-08-01T17:32:30.710Z"}}, {"model": "admin.logentry", "pk": 1, "fields": {"action_time": "2018-06-28T04:56:55.086Z", "user": 1, "content_type": 9, "object_id": "1", "object_repr": "author_a", "action_flag": 1, "change_message": "[{\"added\": {}}]"}}, {"model": "admin.logentry", "pk": 2, "fields": {"action_time": "2018-06-28T04:57:04.220Z", "user": 1, "content_type": 9, "object_id": "2", "object_repr": "author_b", "action_flag": 1, "change_message": "[{\"added\": {}}]"}}, {"model": "admin.logentry", "pk": 3, "fields": {"action_time": "2018-06-28T04:57:21.811Z", "user": 1, "content_type": 14, "object_id": "1", "object_repr": "publisher_a", "action_flag": 1, "change_message": "[{\"added\": {}}]"}}, {"model": "admin.logentry", "pk": 4, "fields": {"action_time": "2018-06-28T04:57:33.239Z", "user": 1, "content_type": 14, "object_id": "2", "object_repr": "publisher_b", "action_flag": 1, "change_message": "[{\"added\": {}}]"}}, {"model": "admin.logentry", "pk": 5, "fields": {"action_time": "2018-06-28T04:57:48.932Z", "user": 1, "content_type": 11, "object_id": "1", "object_repr": "translator_a", "action_flag": 1, "change_message": "[{\"added\": {}}]"}}, {"model": "admin.logentry", "pk": 6, "fields": {"action_time": "2018-06-28T04:57:54.780Z", "user": 1, "content_type": 11, "object_id": "2", "object_repr": "translator_b", "action_flag": 1, "change_message": "[{\"added\": {}}]"}}, {"model": "admin.logentry", "pk": 7, "fields": {"action_time": "2018-06-30T08:52:42.660Z", "user": 1, "content_type": 8, "object_id": "1", "object_repr": "Copy object (1)", "action_flag": 1, "change_message": "[{\"added\": {}}]"}}, {"model": "admin.logentry", "pk": 8, "fields": {"action_time": "2018-06-30T08:53:34.647Z", "user": 1, "content_type": 8, "object_id": "2", "object_repr": "2- a", "action_flag": 1, "change_message": "[{\"added\": {}}]"}}, {"model": "admin.logentry", "pk": 9, "fields": {"action_time": "2018-06-30T08:56:30.352Z", "user": 1, "content_type": 8, "object_id": "3", "object_repr": "3- b", "action_flag": 1, "change_message": "[{\"added\": {}}]"}}, {"model": "admin.logentry", "pk": 10, "fields": {"action_time": "2018-06-30T18:42:55.110Z", "user": 1, "content_type": 4, "object_id": "1", "object_repr": "amir", "action_flag": 2, "change_message": "[{\"changed\": {\"fields\": [\"student_id\"], \"name\": \"profile\", \"object\": \"9123043\"}}]"}}, {"model": "admin.logentry", "pk": 11, "fields": {"action_time": "2018-06-30T18:44:59.383Z", "user": 1, "content_type": 4, "object_id": "1", "object_repr": "amir", "action_flag": 2, "change_message": "[{\"changed\": {\"fields\": [\"image\"], \"name\": \"profile\", \"object\": \"9123043\"}}]"}}, {"model": "admin.logentry", "pk": 12, "fields": {"action_time": "2018-07-02T07:08:29.192Z", "user": 1, "content_type": 4, "object_id": "2", "object_repr": "javad", "action_flag": 2, "change_message": "[{\"added\": {\"object\": \"9023043\", \"name\": \"profile\"}}]"}}, {"model": "admin.logentry", "pk": 13, "fields": {"action_time": "2018-07-02T21:19:44.988Z", "user": 1, "content_type": 10, "object_id": "1", "object_repr": "amir - 3- b - 2018-07-02", "action_flag": 3, "change_message": ""}}, {"model": "admin.logentry", "pk": 14, "fields": {"action_time": "2018-07-04T17:12:37.778Z", "user": 1, "content_type": 9, "object_id": "3", "object_repr": "Jane Austen", "action_flag": 1, "change_message": "[{\"added\": {}}]"}}, {"model": "admin.logentry", "pk": 15, "fields": {"action_time": "2018-07-04T18:06:50.822Z", "user": 1, "content_type": 9, "object_id": "4", "object_repr": "Harper Lee", "action_flag": 1, "change_message": "[{\"added\": {}}]"}}, {"model": "admin.logentry", "pk": 16, "fields": {"action_time": "2018-07-04T18:11:51.571Z", "user": 1, "content_type": 10, "object_id": "3", "object_repr": "javad - 1- a - 2018-07-02", "action_flag": 3, "change_message": ""}}, {"model": "admin.logentry", "pk": 17, "fields": {"action_time": "2018-07-04T18:11:51.577Z", "user": 1, "content_type": 10, "object_id": "2", "object_repr": "amir - 1- a - 2018-07-02", "action_flag": 3, "change_message": ""}}, {"model": "admin.logentry", "pk": 18, "fields": {"action_time": "2018-07-04T18:12:06.246Z", "user": 1, "content_type": 12, "object_id": "2", "object_repr": "javad - 1- a - 2018-07-02 07:17:51.018792+00:00", "action_flag": 3, "change_message": ""}}, {"model": "admin.logentry", "pk": 19, "fields": {"action_time": "2018-07-04T18:12:06.253Z", "user": 1, "content_type": 12, "object_id": "1", "object_repr": "amir - 3- b - 2018-06-30 09:32:35.749430+00:00", "action_flag": 3, "change_message": ""}}, {"model": "admin.logentry", "pk": 20, "fields": {"action_time": "2018-07-04T18:52:51.390Z", "user": 1, "content_type": 9, "object_id": "5", "object_repr": "F. Scott Fitzgerald", "action_flag": 1, "change_message": "[{\"added\": {}}]"}}, {"model": "admin.logentry", "pk": 21, "fields": {"action_time": "2018-07-04T18:59:08.875Z", "user": 1, "content_type": 4, "object_id": "3", "object_repr": "ali", "action_flag": 2, "change_message": "[{\"added\": {\"object\": \"9123044\", \"name\": \"profile\"}}]"}}, {"model": "admin.logentry", "pk": 22, "fields": {"action_time": "2018-07-04T18:59:21.115Z", "user": 1, "content_type": 4, "object_id": "3", "object_repr": "ali", "action_flag": 2, "change_message": "[{\"changed\": {\"fields\": [\"email\"]}}]"}}, {"model": "admin.logentry", "pk": 23, "fields": {"action_time": "2018-07-04T18:59:58.274Z", "user": 1, "content_type": 4, "object_id": "2", "object_repr": "javad", "action_flag": 2, "change_message": "[{\"changed\": {\"fields\": [\"email\"]}}]"}}, {"model": "admin.logentry", "pk": 24, "fields": {"action_time": "2018-07-06T07:29:13.404Z", "user": 1, "content_type": 4, "object_id": "5", "object_repr": "sadaf08", "action_flag": 2, "change_message": "[{\"changed\": {\"fields\": [\"email\"]}}]"}}, {"model": "admin.logentry", "pk": 25, "fields": {"action_time": "2018-07-06T07:54:05.838Z", "user": 1, "content_type": 8, "object_id": "4", "object_repr": "4- me befor you", "action_flag": 1, "change_message": "[{\"added\": {}}]"}}, {"model": "admin.logentry", "pk": 26, "fields": {"action_time": "2018-07-06T07:54:12.907Z", "user": 1, "content_type": 8, "object_id": "5", "object_repr": "5- To Kill a Mockingbird", "action_flag": 1, "change_message": "[{\"added\": {}}]"}}, {"model": "admin.logentry", "pk": 27, "fields": {"action_time": "2018-07-06T07:54:20.171Z", "user": 1, "content_type": 8, "object_id": "6", "object_repr": "6- The Great Gatsby", "action_flag": 1, "change_message": "[{\"added\": {}}]"}}, {"model": "admin.logentry", "pk": 28, "fields": {"action_time": "2018-07-06T07:54:24.484Z", "user": 1, "content_type": 8, "object_id": "7", "object_repr": "7- Pride and Prejudice", "action_flag": 1, "change_message": "[{\"added\": {}}]"}}, {"model": "admin.logentry", "pk": 29, "fields": {"action_time": "2018-07-06T07:54:27.653Z", "user": 1, "content_type": 8, "object_id": "8", "object_repr": "8- 1984", "action_flag": 1, "change_message": "[{\"added\": {}}]"}}, {"model": "admin.logentry", "pk": 30, "fields": {"action_time": "2018-07-06T21:57:37.774Z", "user": 1, "content_type": 13, "object_id": "10", "object_repr": "To Kill a Mockingbird", "action_flag": 3, "change_message": ""}}, {"model": "admin.logentry", "pk": 31, "fields": {"action_time": "2018-07-06T22:06:36.949Z", "user": 1, "content_type": 10, "object_id": "8", "object_repr": "sadaf08 - 6- The Great Gatsby - 2018-07-06", "action_flag": 3, "change_message": ""}}, {"model": "admin.logentry", "pk": 32, "fields": {"action_time": "2018-07-06T22:07:30.789Z", "user": 1, "content_type": 13, "object_id": "8", "object_repr": "Pride and Prejudice", "action_flag": 2, "change_message": "[{\"changed\": {\"fields\": [\"authors\"]}}]"}}, {"model": "admin.logentry", "pk": 33, "fields": {"action_time": "2018-07-07T00:15:20.855Z", "user": 1, "content_type": 4, "object_id": "3", "object_repr": "ali", "action_flag": 2, "change_message": "[{\"changed\": {\"name\": \"profile\", \"object\": \"Profile object (4)\", \"fields\": [\"number_of_donated_books\"]}}]"}}, {"model": "admin.logentry", "pk": 34, "fields": {"action_time": "2018-07-07T00:15:35.127Z", "user": 1, "content_type": 4, "object_id": "1", "object_repr": "amir", "action_flag": 2, "change_message": "[{\"changed\": {\"name\": \"profile\", \"object\": \"Profile object (1)\", \"fields\": [\"number_of_donated_books\"]}}]"}}, {"model": "admin.logentry", "pk": 35, "fields": {"action_time": "2018-07-07T00:15:45.838Z", "user": 1, "content_type": 4, "object_id": "4", "object_repr": "bagher", "action_flag": 2, "change_message": "[{\"changed\": {\"name\": \"profile\", \"object\": \"Profile object (2)\", \"fields\": [\"number_of_donated_books\"]}}]"}}, {"model": "admin.logentry", "pk": 36, "fields": {"action_time": "2018-07-07T00:16:02.209Z", "user": 1, "content_type": 4, "object_id": "2", "object_repr": "javad", "action_flag": 2, "change_message": "[{\"changed\": {\"name\": \"profile\", \"object\": \"Profile object (3)\", \"fields\": [\"number_of_donated_books\"]}}]"}}, {"model": "admin.logentry", "pk": 37, "fields": {"action_time": "2018-07-07T00:16:21.958Z", "user": 1, "content_type": 4, "object_id": "5", "object_repr": "sadaf08", "action_flag": 2, "change_message": "[{\"changed\": {\"name\": \"profile\", \"object\": \"Profile object (5)\", \"fields\": [\"number_of_donated_books\"]}}]"}}, {"model": "admin.logentry", "pk": 38, "fields": {"action_time": "2018-07-14T05:39:56.387Z", "user": 1, "content_type": 13, "object_id": "5", "object_repr": "me befor you", "action_flag": 2, "change_message": "[]"}}, {"model": "admin.logentry", "pk": 39, "fields": {"action_time": "2018-07-14T05:40:06.449Z", "user": 1, "content_type": 13, "object_id": "4", "object_repr": "c", "action_flag": 2, "change_message": "[{\"changed\": {\"fields\": [\"subject\"]}}]"}}, {"model": "admin.logentry", "pk": 40, "fields": {"action_time": "2018-07-14T05:40:16.660Z", "user": 1, "content_type": 13, "object_id": "3", "object_repr": "b", "action_flag": 2, "change_message": "[{\"changed\": {\"fields\": [\"subject\"]}}]"}}, {"model": "admin.logentry", "pk": 41, "fields": {"action_time": "2018-07-14T05:40:24.255Z", "user": 1, "content_type": 13, "object_id": "1", "object_repr": "a", "action_flag": 2, "change_message": "[{\"changed\": {\"fields\": [\"subject\"]}}]"}}, {"model": "admin.logentry", "pk": 42, "fields": {"action_time": "2018-07-14T05:40:33.245Z", "user": 1, "content_type": 13, "object_id": "11", "object_repr": "To Kill a Mockingbird", "action_flag": 2, "change_message": "[{\"changed\": {\"fields\": [\"subject\"]}}]"}}, {"model": "admin.logentry", "pk": 43, "fields": {"action_time": "2018-07-14T05:40:41.243Z", "user": 1, "content_type": 13, "object_id": "12", "object_repr": "The Great Gatsby", "action_flag": 2, "change_message": "[]"}}, {"model": "admin.logentry", "pk": 44, "fields": {"action_time": "2018-07-14T05:40:52.869Z", "user": 1, "content_type": 13, "object_id": "7", "object_repr": "1984", "action_flag": 2, "change_message": "[{\"changed\": {\"fields\": [\"subject\"]}}]"}}, {"model": "admin.logentry", "pk": 45, "fields": {"action_time": "2018-07-16T16:09:43.933Z", "user": 1, "content_type": 4, "object_id": "5", "object_repr": "sadaf08", "action_flag": 2, "change_message": "[{\"changed\": {\"fields\": [\"image\"], \"name\": \"profile\", \"object\": \"Profile object (5)\"}}]"}}, {"model": "admin.logentry", "pk": 46, "fields": {"action_time": "2018-07-16T20:07:07.827Z", "user": 1, "content_type": 4, "object_id": "6", "object_repr": "mamadreza", "action_flag": 2, "change_message": "[{\"changed\": {\"fields\": [\"image\"], \"object\": \"Profile object (6)\", \"name\": \"profile\"}}]"}}, {"model": "admin.logentry", "pk": 47, "fields": {"action_time": "2018-07-17T07:01:21.038Z", "user": 1, "content_type": 9, "object_id": "6", "object_repr": "Gabriel Garc\u00eda M\u00e1rquez", "action_flag": 1, "change_message": "[{\"added\": {}}]"}}, {"model": "admin.logentry", "pk": 48, "fields": {"action_time": "2018-07-17T07:01:46.338Z", "user": 1, "content_type": 14, "object_id": "3", "object_repr": "Harper & Row", "action_flag": 1, "change_message": "[{\"added\": {}}]"}}, {"model": "admin.logentry", "pk": 49, "fields": {"action_time": "2018-07-17T07:02:22.747Z", "user": 1, "content_type": 13, "object_id": "13", "object_repr": "One Hundred Years of Solitude", "action_flag": 1, "change_message": "[{\"added\": {}}]"}}, {"model": "admin.logentry", "pk": 50, "fields": {"action_time": "2018-07-17T07:06:55.076Z", "user": 1, "content_type": 13, "object_id": "4", "object_repr": "c", "action_flag": 3, "change_message": ""}}, {"model": "admin.logentry", "pk": 51, "fields": {"action_time": "2018-07-19T13:45:11.792Z", "user": 1, "content_type": 12, "object_id": "16", "object_repr": "amir - 7- Pride and Prejudice - 2018-07-19 13:38:37.611559+00:00", "action_flag": 3, "change_message": ""}}, {"model": "admin.logentry", "pk": 52, "fields": {"action_time": "2018-07-25T12:59:39.551Z", "user": 1, "content_type": 13, "object_id": "5", "object_repr": "me before you", "action_flag": 2, "change_message": "[{\"changed\": {\"fields\": [\"name\"]}}]"}}, {"model": "admin.logentry", "pk": 53, "fields": {"action_time": "2018-07-31T06:58:10.899Z", "user": 1, "content_type": 4, "object_id": "1", "object_repr": "amir", "action_flag": 2, "change_message": "[{\"changed\": {\"fields\": [\"number_of_donated_books\", \"penalty\"], \"name\": \"profile\", \"object\": \"Profile object (1)\"}}]"}}]